type,username
not_following_you_back,013___gomess
not_following_you_back,acervo_odeon
not_following_you_back,acervomo
not_following_you_back,august0dasilva
not_following_you_back,bruna.maria.soares
not_following_you_back,centrodombosco
not_following_you_back,continuistapassadordepano
not_following_you_back,elainnefreitas
not_following_you_back,guibispo.ink
not_following_you_back,isacaldasz
not_following_you_back,josedellazeri
not_following_you_back,leandro.marques.draw
not_following_you_back,mind.the.headphone
not_following_you_back,nekrosymbolic
not_following_you_back,paraqueelereine3
not_following_you_back,prof.karinaprado
not_following_you_back,suwakowa
not_following_you_back,thaisacherry
you_do_not_follow_back,013_bella.js
you_do_not_follow_back,013baixada_santista_
you_do_not_follow_back,0linguinhaa
you_do_not_follow_back,6_aeon
you_do_not_follow_back,_.andrede._
you_do_not_follow_back,_.julianasantos
you_do_not_follow_back,_brunodepaula
you_do_not_follow_back,_eeucaua
you_do_not_follow_back,_lauraaaaz__
you_do_not_follow_back,_lcckedhearts
you_do_not_follow_back,_luisaquerino
you_do_not_follow_back,_mikael._._
you_do_not_follow_back,aderbalscapini
you_do_not_follow_back,adriano_nascimento.cm
you_do_not_follow_back,adrianofromeroo
you_do_not_follow_back,alicemariaef
you_do_not_follow_back,alvarorozendo.adv
you_do_not_follow_back,amarilislovelace
you_do_not_follow_back,ana_paula_zielinski_
you_do_not_follow_back,anab.filipin
you_do_not_follow_back,anacarmelitana
you_do_not_follow_back,anajuju.lopes
you_do_not_follow_back,andre.andess
you_do_not_follow_back,angelica_evelyn
you_do_not_follow_back,aninha_augustojs
you_do_not_follow_back,annamello38
you_do_not_follow_back,antoniopedromelo.adv
you_do_not_follow_back,antuness_silvaa
you_do_not_follow_back,apostolado_veritas
you_do_not_follow_back,armandobraioara
you_do_not_follow_back,arth_ur1459_oficial
you_do_not_follow_back,arthur.louzz
you_do_not_follow_back,ateliecorimmaculatum
you_do_not_follow_back,athay_fonseca
you_do_not_follow_back,barbs_mary
you_do_not_follow_back,biahmaciell
you_do_not_follow_back,brechorenovo_
you_do_not_follow_back,c.m.nsraperpetuosocorro
you_do_not_follow_back,c.vini13
you_do_not_follow_back,caio_viiniiciius
you_do_not_follow_back,carlos_senna56
you_do_not_follow_back,carlosedson70
you_do_not_follow_back,carloshenrique310509
you_do_not_follow_back,centrodml
you_do_not_follow_back,christoconsecrata
you_do_not_follow_back,claudenil_moraes
you_do_not_follow_back,cm.oficiall
you_do_not_follow_back,cm_imaculada_
you_do_not_follow_back,cmnscarmo_e_s_seb
you_do_not_follow_back,congreg.mariananspsesjp2
you_do_not_follow_back,corerj
you_do_not_follow_back,corretora.biamaciel
you_do_not_follow_back,danilosugoi
you_do_not_follow_back,dannascimento_neo
you_do_not_follow_back,debbymtavares
you_do_not_follow_back,dede_maxigom
you_do_not_follow_back,delzaalmeida20
you_do_not_follow_back,dionizia.santos.503
you_do_not_follow_back,dona.donha.oficial
you_do_not_follow_back,doralice9697
you_do_not_follow_back,dudurimonatto
you_do_not_follow_back,dulce_valente
you_do_not_follow_back,editora_examen
you_do_not_follow_back,edsonsouzaalmeida2024
you_do_not_follow_back,elielm4
you_do_not_follow_back,elisangelaanjosl
you_do_not_follow_back,embracethesavior
you_do_not_follow_back,emidiojs
you_do_not_follow_back,erickdrs619
you_do_not_follow_back,estamosjuntoscomjesus_oficial
you_do_not_follow_back,feitosamaluu
you_do_not_follow_back,felixrangel.santos
you_do_not_follow_back,flp.cav_cos.821
you_do_not_follow_back,fredericofrildson
you_do_not_follow_back,g.ramalh0
you_do_not_follow_back,gabgalvaos
you_do_not_follow_back,gabriel_almeidamorais
you_do_not_follow_back,gilpintorocha
you_do_not_follow_back,giovana.deluca
you_do_not_follow_back,gpatricio09
you_do_not_follow_back,graca_e_modestia
you_do_not_follow_back,gustvogb1325
you_do_not_follow_back,helinton_lelo7
you_do_not_follow_back,heyyborbaa
you_do_not_follow_back,hmlinek
you_do_not_follow_back,hno.flaviocristian.mc
you_do_not_follow_back,hokkaido_ramensushi_lewisville
you_do_not_follow_back,igorbiggie
you_do_not_follow_back,igrejasaofranciscoassispg
you_do_not_follow_back,ingrid_gcamargo
you_do_not_follow_back,invencivelpg
you_do_not_follow_back,iqmx.yana
you_do_not_follow_back,ir.marcelo.ocs
you_do_not_follow_back,irafonsomaria
you_do_not_follow_back,irmasfilhassaofranciscodesales
you_do_not_follow_back,isabeltaina
you_do_not_follow_back,italo.calaciojs
you_do_not_follow_back,jacildadequeiroz
you_do_not_follow_back,jacildaqueirozmoreira
you_do_not_follow_back,joao_pfleandro
you_do_not_follow_back,jonatas.smonteiro
you_do_not_follow_back,josefasantana.8
you_do_not_follow_back,josemariadoliveira.cm
you_do_not_follow_back,jrkarthur0
you_do_not_follow_back,juhnathy2024
you_do_not_follow_back,julia_elenaf
you_do_not_follow_back,jurezendebergamini
you_do_not_follow_back,juventude_canossiana
you_do_not_follow_back,kafell_sanctorum
you_do_not_follow_back,kamillytavares1207
you_do_not_follow_back,karolaine_cintia
you_do_not_follow_back,kelvinbasilio1
you_do_not_follow_back,kochie_julietta
you_do_not_follow_back,laianemoncao
you_do_not_follow_back,lais.aparecidaairesmartins
you_do_not_follow_back,laisairesmaritins
you_do_not_follow_back,laismartins41
you_do_not_follow_back,larissasemeghinioficial
you_do_not_follow_back,lauro.solia
you_do_not_follow_back,laynebeatrizz
you_do_not_follow_back,lc.araujo.s
you_do_not_follow_back,letyciabeckman1
you_do_not_follow_back,loja_carlo_acutis
you_do_not_follow_back,luanabarrosmk
you_do_not_follow_back,lucas.gabriel.bc
you_do_not_follow_back,lucasandradejuventude
you_do_not_follow_back,lucasc_1301
you_do_not_follow_back,lucio_jose_do_terco_dos_homens
you_do_not_follow_back,luisg.csantos
you_do_not_follow_back,luk_yui_fung
you_do_not_follow_back,m_clara.sl
you_do_not_follow_back,magocachimbeiro
you_do_not_follow_back,marcellacarvalhoinaciomarques
you_do_not_follow_back,maria.vitoriamaia
you_do_not_follow_back,mariaa_vitoriaaa_
you_do_not_follow_back,mariacarvalhoalmeida_
you_do_not_follow_back,mariaemiliaalbuquerquegomes
you_do_not_follow_back,marianosbarradopirai
you_do_not_follow_back,martinscristiane388
you_do_not_follow_back,maryymariae
you_do_not_follow_back,materdei_lojacatolica
you_do_not_follow_back,mateus_conca.rb
you_do_not_follow_back,matheu.romeiro
you_do_not_follow_back,matheuscamargopg
you_do_not_follow_back,matrizdasgracaspg
you_do_not_follow_back,melo_andrea23
you_do_not_follow_back,menezes.feliz
you_do_not_follow_back,mesq.lucaswilson
you_do_not_follow_back,mhaisasantos
you_do_not_follow_back,mhrocha.milena
you_do_not_follow_back,mokasimoes
you_do_not_follow_back,mundodosbrinquedos5d
you_do_not_follow_back,mwrtax
you_do_not_follow_back,nahcapra
you_do_not_follow_back,newcararoma
you_do_not_follow_back,nickolino34
you_do_not_follow_back,nickoobello
you_do_not_follow_back,nunessariane
you_do_not_follow_back,ny_viih
you_do_not_follow_back,o.catolico__
you_do_not_follow_back,o_escrupuloso
you_do_not_follow_back,odisseu.astro
you_do_not_follow_back,oratoriodomboscoguaruja
you_do_not_follow_back,paolaottatifestas
you_do_not_follow_back,para_a_maior_gloria_de_deus
you_do_not_follow_back,paulosergio.amigodedeusofc
you_do_not_follow_back,pedro_coutinho_1571
you_do_not_follow_back,pedrohenriteles
you_do_not_follow_back,peuzinho.aramg
you_do_not_follow_back,pfamiliar.saogasparbertoni.pg
you_do_not_follow_back,phsantos013.js
you_do_not_follow_back,pintojanetepires
you_do_not_follow_back,pirespintojanete
you_do_not_follow_back,precm.conceicaoeanchieta
you_do_not_follow_back,prof_lima1970
you_do_not_follow_back,quinvick2025
you_do_not_follow_back,raffaelasilva.oficial
you_do_not_follow_back,rafinha.ctn_js
you_do_not_follow_back,rebecabaruch_
you_do_not_follow_back,reboqueslitoralsul
you_do_not_follow_back,responsavel_pedrinho_oliveira
you_do_not_follow_back,reyman009
you_do_not_follow_back,riad.world
you_do_not_follow_back,ritadecassia.485
you_do_not_follow_back,ritmosfataisdasilva
you_do_not_follow_back,roberta.vicwx
you_do_not_follow_back,rodrigolgsilvaa
you_do_not_follow_back,ropenna_10
you_do_not_follow_back,rosandra.mpj
you_do_not_follow_back,rosangela_penasso
you_do_not_follow_back,ruysposati.doc
you_do_not_follow_back,ryan120609
you_do_not_follow_back,sagrado_coracao_art_religiosos
you_do_not_follow_back,saint_ktomista
you_do_not_follow_back,samuelbaldwin41
you_do_not_follow_back,schuelerraphaelvictor
you_do_not_follow_back,scriptura.sacra
you_do_not_follow_back,server.baiaking
you_do_not_follow_back,sileide_sss
you_do_not_follow_back,socorro.souza.1610
you_do_not_follow_back,softenderflower
you_do_not_follow_back,sonhadora_desenho
you_do_not_follow_back,sr._pimentel_nakabar
you_do_not_follow_back,sr_marcelofigueredo
you_do_not_follow_back,sra_maristela
you_do_not_follow_back,srsouzaj
you_do_not_follow_back,tabosa.ana_
you_do_not_follow_back,tainandoncabral
you_do_not_follow_back,tainarasmramos_
you_do_not_follow_back,tercodasmulheressaogaspar.pg
you_do_not_follow_back,thejowker013
you_do_not_follow_back,thiagosilva.or
you_do_not_follow_back,vanessammoreira
you_do_not_follow_back,veronicaa_santosss
you_do_not_follow_back,versis_gabrielis
you_do_not_follow_back,victorbrunopg
you_do_not_follow_back,vini_santannaxst
you_do_not_follow_back,vitby_
you_do_not_follow_back,vivatchristussrex1
you_do_not_follow_back,yasminveronica23
